﻿Page ID,Page name,Disclaimer,Amount spent (EUR),Number of ads in Library
331832984040,LichtBlick,LichtBlick,4624,116
265715943461097,Kettner Edelmetalle,Kettner Edelmetalle,3752,130
232874490208891,Bundesagentur für Arbeit,Bundesagentur für Arbeit,2509,49
22541752487,Greenpeace Deutschland,Greenpeace Deutschland,2338,39
82734241364,Campact e.V.,Campact e.V.,1838,73
1508446642792459,Vattenfall,Vattenfall Europe Sales GmbH,1556,54
217879838339082,Bundesministerium für Wirtschaft und Klimaschutz,Bundesministerium für Wirtschaft und Klimaschutz,1478,18
114803848589834,DIE ZEIT,These ads ran without a disclaimer,1460,7
197976650236259,MINI,These ads ran without a disclaimer,1378,3
108268845888673,Bundesministerium für Arbeit und Soziales,Bundesministerium für Arbeit und Soziales,1256,149
102169625710148,ClimaClic,Burda Direct GmbH,972,36
56497026719,SOS-Kinderdörfer weltweit,SOS-Kinderdörfer weltweit Hermann-Gmeiner-Fonds Deutschland e.V.,916,71
111501317017740,Motatos Deutschland,Motatos,837,14
13479664941,JUNGE FREIHEIT,Junge Freiheit Verlag GmbH & Co. KG,818,6
154149027994068,ZDF,ZDF,686,3
201065353264638,yello,yello,669,10
112981306741840,Klimastreik - Zusammen mit Fridays For Future auf die Straßen,klima-streik.org,609,32
218786540044,WWF Deutschland,WWF Deutschland,597,23
273454591804,SOS-Kinderdorf Deutschland,SOS-Kinderdorf e.V.,579,55
178362315106,European Parliament,European Parliament,539,18
1781902522022471,Westenergie,Westenergie AG,499,9
118043817945466,Schufa Holding AG,SCHUFA Holding AG,491,4
107027277683021,Deine S-Bahn München,DB Regio AG - S-Bahn München,488,6
161273245888,Save the Children Deutschland,Save the Children Deutschland,465,15
1114156508732301,Zivile Helden,Polizeiliche Kriminalprävention der Länder und des Bundes,442,10
350558562311,FDP Bayern,FDP Bayern,391,46
248913988520756,Union Investment,Union Investment Privatfonds GmbH,371,2
111028065379904,OneClimate,climony GmbH,363,12
2056256127791743,Damian Boeselager,Damian Boeselager,355,30
2135010219947091,MINTmagie,Bundesministerium für Bildung und Forschung,353,4
188188564583,FDP Hessen,FDP Hessen,345,11
451980374985742,ecoligo,ecoligo,343,12
107949401450491,Tim Klüssendorf,"Tim Klüssendorf, Dein Bundestagsabgeordneter für Lübeck, Sandesneben und Berkenthin",340,4
130534873659391,Green Planet Energy,Green Planet Energy eG,333,69
112277272142815,Sparkasse,Sparkasse,327,2
198869530158960,Stadtwerke Düsseldorf,Stadtwerke Düsseldorf AG,307,10
112369170621210,Deutschland spricht über 5G,"Dialoginitiative ""Deutschland spricht über 5G""",299,9
484950398505596,IRC Deutschland,IRC Deutschland,291,3
116544291761495,Kindernothilfe E.V.,Kindernothilfe E.V.,265,33
101274842793956,Greenpeace grad jetzt,Greenpeace e.V.,263,17
1578640155687393,Sea-Watch,Sea-Watch,246,5
263503200272,Welthungerhilfe,Welthungerhilfe,243,2
236934790401,UNO-Flüchtlingshilfe,UNO-Flüchtlingshilfe,239,46
111080175616050,SPD Hessen,SPD Hessen,233,14
103347062097905,Wind-Rat,Wind-Rat,232,31
23216224900,Plan International Deutschland,Plan International Deutschland e.V.,230,14
2071515543141090,LCOY Germany,LCOY Germany,227,21
1852185055034835,Bayernwerk,Bayernwerk AG,225,6
103919417972272,Unabhängige Beauftragte für Fragen des sexuellen Kindesmissbrauchs,Unabhängige Beauftragte für Fragen des sexuellen Kindesmissbrauchs,219,54
106494362481683,Bilendi & Respondi De AT CH,Bilendi GmbH,207,37
130356207884510,Fridays for Future Hamburg,Donate for Future e.V.,206,3
113348498308044,SPIN 2030,"Sächsisches Staatsministerium für Wissenschaft, Kultur und Tourismus",197,3
117738101626747,GP JOULE,GP JOULE GmbH,197,22
133306764192,NABU Bundesverband,NABU Bundesverband,194,18
136260152219,World Vision Deutschland e.V.,World Vision Deutschland e.V.,189,5
674340402707662,"Dr. Florian Herrmann, MdL","Dr. Florian Herrmann, MdL",189,11
104351635002082,Deutschland erkennt Sepsis,Deutschland erkennt Sepsis,189,3
116335026590900,Mülltrennung wirkt,die dualen Systeme,187,17
102955269574854,Sascha Schnürer,Sascha Schnürer,179,6
170770700406759,Stefan Meyer,Stefan Meyer,174,4
305250279569563,BayernSPD,Landesverband BayernSPD,169,3
1062482463795133,Liebesleben,Bundeszentrale für gesundheitliche Aufklärung (BZgA),166,7
1790920000965539,CDU CSU Europa,CDU/CSU-Gruppe in der EVP-Fraktion im Europäischen Parlament,165,12
111698888335211,Daskannkunststoff,ALPLA Werke Alwin Lehner GmbH & Co KG,164,37
614408642007931,Zurich,Zürich Beteiligungs-Aktiengesellschaft (Deutschland),160,16
134209407129787,Volt Deutschland,Volt Deutschland,160,72
105220712376554,Greifswald Moor Centrum,Succow Stiftung,154,6
905552552842058,Neue Mobilität: bewegt nachhaltig,Ministerium für Verkehr Baden-Württemberg,153,16
107699912599053,Mitsubishi Motors DE,MMD Automobile GmbH,153,4
114186703597807,VIER PFOTEN,VIER PFOTEN,152,3
593476900673774,ifaw,ifaw,145,18
393186510822990,e.on,e.on,145,14
144380008933707,SPD-Fraktion im Bundestag,SPD-Bundestagsfraktion,141,6
21242962092,ClientEarth,ClientEarth Deutschland,141,6
109731740941494,WiduLand,Initiative WiduLand e.V.,132,6
478399422560922,KadeFungin,DR. KADE,128,29
200752383293733,International Justice Mission,International Justice Mission,127,15
104389425384135,Arbeitgeber Land Hessen,Hessisches Ministerium des Innern und für Sport,123,15
169367889785454,Arbeitgeberverband Gesamtmetall,Arbeitgeberverband Gesamtmetall,122,12
479738889502012,magdochjeder,LANDWIRT SCHAFFT LEBEN GmbH,117,10
369808499805109,Melanie Huml,Melanie Huml,116,1
181065988585555,Stadtwerke Lübeck,Stadtwerke Lübeck GmbH,116,3
198530121257,Hannoversche Allgemeine Zeitung / HAZ,MADSACK Market Solutions GmbH,114,4
144527739568157,Searchtalent,Searchtalent,113,21
1393167744264822,Bundesministerium für Digitales und Verkehr,Bundesministerium für Digitales und Verkehr,112,20
109436900914743,Michael Götz-Pijl - Die PARTEI,Michael Götz-Pijl - Die PARTEI,111,14
354492595049805,Stefan Naas,FDP Hessen,110,27
323245001172018,Bundesministerium für Gesundheit,Bundesministerium für Gesundheit,106,9
123910440019,Renew Europe,Renew Europe Group,105,2
104959658833469,Verfolgte im Nationalsozialismus,Bundesverband Information & Beratung für NS-Verfolgte e.V.,102,1
101683398140023,Salus,Salus,102,4
150793518281117,Covestro,Covestro,≤100,2
259770724096761,Animal Equality Germany,Animal Equality Germany e.V.,≤100,15
46039823396,Oxfam Deutschland,Oxfam Deutschland,≤100,14
200229763665425,Rheinhessische,Rheinhessische Energie- und Wasserversorgungs-GmbH,≤100,6
1706508856316535,Bundesverband Deutscher Privatkliniken e.V.,Asklepios Kliniken GmbH & Co. KGaA,≤100,21
218526588178056,alwa,alwa Mineralbrunnen GmbH,≤100,1
718677004826671,Deutsche Umwelthilfe,Deutsche Umwelthilfe,≤100,1
343364921106,Caritas international,Caritas international,≤100,85
78309442751,Bayernpartei,Bayernpartei,≤100,9
101439212538434,Josef Heisl,Josef Heisl,≤100,6
127143338110,missio,missio,≤100,2
395274800547275,DIE LINKE. Bayern,DIE LINKE. Landesverband Bayern,≤100,3
341486659645594,FDP Fraktion Bundestag,Fraktion der Freien Demokraten im Deutschen Bundestag,≤100,8
235866097155685,Invictus Games Düsseldorf 2023,These ads ran without a disclaimer,≤100,1
373673517230,Lübecker Nachrichten Online,MADSACK Market Solutions GmbH,≤100,2
106474852517098,Monika Müller - Oberbürgermeisterin für Rastatt,Monika Müller,≤100,6
1093989863995799,hep,hep global GmbH,≤100,26
123921283433,Fraktion DIE LINKE. im Bundestag,Fraktion DIE LINKE. im Bundestag,≤100,1
706758859393635,AfD Fraktion Sachsen,AfD Fraktion Sachsen,≤100,13
107484069279333,tegut...,tegut... gute Lebensmittel GmbH & Co. KG,≤100,2
314610442075420,TeamClimate,TeamClimate,≤100,4
1004883576238809,GoodJobs,GoodJobs GmbH,≤100,13
111798335350847,Dietmar Woidke,SPD Brandenburg,≤100,1
338599714529,CSU Bayreuth-Stadt,CSU-Kreisverband Bayreuth-Stadt,≤100,1
138422136179542,Ministerpräsident Michael Kretschmer,Sächsische Staatskanzlei,≤100,1
217786668379580,350.org Deutschland,350.org Deutschland,≤100,6
209697875758716,DIE JUNGEN UNTERNEHMER,Die Jungen Unternehmer,≤100,3
675589985972309,HateAid,HateAid gGmbH,≤100,4
107085727344683,Mein Schlüssel zur Welt,Bundesministerium für Bildung und Forschung,≤100,1
138065952884396,DIE RHEINPFALZ,RHEINPFALZ Verlag und Druckerei GmbH & Co. KG,≤100,10
139173820028551,Baden-Württembergische Bank,Baden-Württembergische Bank,≤100,2
109832419149120,CSU Kreisverband Günzburg,CSU Kreisverband Günzburg,≤100,4
100354762415568,BitteWas - Kontern gegen Fake und Hass,Landesmedienzentrum Baden-Württemberg Standort Stuttgart,≤100,3
197647650755276,Diakonie Schleswig-Holstein,Diakonie Schleswig-Holstein,≤100,4
198244400189055,Entega,ENTEGA Plus GmbH,≤100,12
205846648808,MAZonline / Märkische Allgemeine,MADSACK Market Solutions GmbH,≤100,2
741724592531706,Joachim Herrmann,Joachim Herrmann,≤100,8
2665513323462858,Hendrik Hamel,These ads ran without a disclaimer,≤100,2
114360055263804,LVZ Leipziger Volkszeitung,MADSACK Market Solutions GmbH,≤100,2
160954957393014,Kieler Nachrichten,MADSACK Market Solutions GmbH,≤100,1
109456506282009,E.ON Inhouse Consulting,E.ON Inhouse Consulting,≤100,2
249986091716256,Deutscher Jagdverband e.V.,Deutscher Jagdverband e.V.,≤100,3
1509790395958123,Aktion gegen den Hunger,Aktion gegen den Hunger,≤100,3
1555692344653053,IHK für München und Oberbayern,Industrie- und Handelskammer für München und Oberbayern,≤100,4
1947378708884004,Initiative Frosch,Initiative Frosch,≤100,63
164513593594332,Deutsche Aidshilfe,Deutsche Aidshilfe,≤100,11
116449375528,foodwatch,foodwatch e.V.,≤100,9
32925303328,Heinrich-Böll-Stiftung,Heinrich-Böll-Stiftung,≤100,1
132505256799678,Linksfraktion Berlin,Linksfraktion Berlin,≤100,4
314428179245339,Dennis Josef Meseg,Atelier Dennis Josef Meseg,≤100,1
174118102615738,Brot für die Welt,Brot für die Welt,≤100,31
214526595274349,BSH GmbH & Co.KG,BSH GmbH & Co. KG,≤100,2
103958091556809,Du Land der Bayern,Du Land der Bayern,≤100,1
108933312162438,Christoph D. Mikuschek,Christoph D. Mikuschek,≤100,12
124207927630198,WDR,Westdeutscher Rundfunk,≤100,1
112072139503036,Martin Hagen,FDP Bayern,≤100,2
206584163580,Stiftung Mercator,Stiftung Mercator,≤100,21
53955749527,Allgäu,Allgäu,≤100,1
237629780126813,Human Rights Film Festival Berlin,Aktion gegen den Hunger,≤100,3
919658468378942,Martina Thalmayr,Grüne Kreisverband Rosenheim,≤100,10
1293603367355220,Freie Wähler Schwaben,FREIE WÄHLER Bayern e.V. Bezirk Schwaben,≤100,6
170688644503,UNICEF Deutschland,UNICEF Deutschland,≤100,9
105639222634832,Infamous Pesky,These ads ran without a disclaimer,≤100,1
122138060594001044,Partial Worldly,These ads ran without a disclaimer,≤100,1
122093428616017280,Organic Attractive,These ads ran without a disclaimer,≤100,1
122097217742008310,Whispered Forsaken,These ads ran without a disclaimer,≤100,1
109573920927141,Ichwillfair,Initiative für nachhaltige Agrarlieferketten,≤100,23
122119574024001480,Powerful Definite,These ads ran without a disclaimer,≤100,1
1739138546404072,iwd,IW Medien,≤100,18
146221668771106,wbg Wissen verbindet,wbg Wissen verbindet,≤100,1
134662743239116,academics.de,academics GmbH,≤100,3
182170223513,Göttinger Tageblatt,MADSACK Market Solutions GmbH,≤100,4
122101787138002742,Smoggy Testy,These ads ran without a disclaimer,≤100,1
178118238985358,Bezirk Schwaben,Bezirk Schwaben,≤100,1
572530603230497,AfD-Fraktion im Hessischen Landtag,AfD-Fraktion im Hessischen Landtag,≤100,3
106743252188249,Klimastiftung für Bürger,Klimastiftung für Bürger,≤100,2
353603258121,Klimaschutzagentur Region Hannover,Klimaschutzagentur Region Hannover GmbH,≤100,6
108978741405727,Hans Christian Göttlicher - Für Sie in den Landtag,Hans Christian Göttlicher - Für Sie in den Landtag,≤100,4
105123672171340,Johannes Hunger,Bündnis 90/Die Grünen Kreisverband Landkreis Landshut,≤100,2
123918397649280,Language and Skills,These ads ran without a disclaimer,≤100,9
933344593507928,Daniel Fürst,Daniel Fürst,≤100,5
109268274798247,E-Fuels-Forum,CLASSIC Tankstellen GmbH & Co. KG,≤100,1
995399797206624,Niedersachsen packt an,Niedersächsische Staatskanzlei,≤100,2
249296718436,IG Metall,IG Metall,≤100,1
106686812233755,Alexander Friedrich,Alexander Friedrich,≤100,1
187721119585949,DieBasis LV Hessen,DieBasis LV Hessen,≤100,12
123292927706635,junge Welt,junge Welt,≤100,3
217523541326,CDU Hessen,CDU Hessen,≤100,4
232333343477761,LesBiSchwule T*our,Landesverband AndersARTiG e.V.,≤100,7
113329095368675,Neue Presse Hannover / NP,MADSACK Market Solutions GmbH,≤100,1
106149589427609,DNN Dresdner Neueste Nachrichten,MADSACK Market Solutions GmbH,≤100,4
256998207759081,FREIE WÄHLER Hessen,FREIE WÄHLER Hessen,≤100,1
1499762273389494,Finanzverwaltung Nordrhein-Westfalen,Finanzverwaltung Nordrhein-Westfalen,≤100,2
145944615464920,Polarstern Energie,Polarstern Energie,≤100,2
108633728581883,Rettet Biokraftstoffe,OVID Verband,≤100,18
561953460655717,Social Media Ads,Social Media Ads,≤100,6
114446431572377,Valentin Weigel,Valentin Weigel,≤100,25
156449679027,Renovabis,Renovabis e.V.,≤100,17
185070192443461,CDU in Stolberg,CDU Stolberg,≤100,1
135591596484147,ABDA - Bundesvereinigung Deutscher Apothekerverbände e. V.,ABDA - Bundesvereinigung Deutscher Apothekerverbände e. V.,≤100,6
112688622239930,Bündnis 90/Die Grünen KV Schweinfurt,BÜNDNIS 90/DIE GRÜNEN KV Schweinfurt,≤100,4
100345702834585,All Out Deutschland,All Out,≤100,6
137771196652740,AfD-Fraktion im Landtag von Baden-Württemberg,AfD-Fraktion im Landtag von Baden-Württemberg,≤100,2
225012151032427,Bürgerwerke,Bürgerwerke,≤100,1
130018647016828,Mall - Umweltsysteme,Mall GmbH,≤100,3
112546258605805,Dr. Michael Gaska - Oberbürgermeister für Rastatt,Dr. Michael Gaska,≤100,3
1509344156054331,AfD Darmstadt,AfD-Kreisverband Darmstadt,≤100,7
312862592077144,Franz Josef Pschierer,Franz Josef Pschierer,≤100,5
211194715558010,CDU Köln,CDU-Fraktion im Rat der Stadt Köln,≤100,2
465578646860875,ÖDP München,ÖDP München,≤100,17
103755385264209,Stadtwerke Garbsen,Stadtwerke Garbsen GmbH,≤100,2
107407945980041,Deutsches Kinderhilfswerk e.V.,Deutsches Kinderhilfswerk e.V.,≤100,5
122096949746006574,Splendid Private,These ads ran without a disclaimer,≤100,1
101469689158288,Marketingzeugs - Deine Lieblingsagentur,Marketingzeugs - Deine Lieblingsagentur,≤100,1
512403718895902,Wildtierschutz Deutschland e.V.,Wildtierschutz Deutschland e.V.,≤100,2
790148178038834,Union Stiftung,Union Stiftung,≤100,3
1874718159461760,Lufthansa,These ads ran without a disclaimer,≤100,1
114069011290980,Steffen Haltermann,Steffen Haltermann,≤100,2
190784743602,CDU/CSU-Bundestagsfraktion,CDU/CSU-Bundestagsfraktion,≤100,1
102803038171875,DieBasis Bayern,dieBasis Landesverband Bayern,≤100,2
1793510380925494,USR Diaspora,Partidul Uniunea Salvați România.,≤100,1
100894706195011,Maximilian Ziegler - Landtagskandidat,SPD Vogelsbergkreis,≤100,2
183448258342806,Angelika Niebler,EVP-Fraktion im Europäischen Parlament,≤100,2
580401892143117,AfD-Fraktion Mecklenburg-Vorpommern,AfD-Fraktion im Landtag Mecklenburg-Vorpommern,≤100,3
557067234364120,Grüne Pfaffenhofen,BÜNDNIS 90/DIE GRÜNEN Kreisverband Pfaffenhofen,≤100,2
1919185338293853,AfD-Fraktion NRW,AfD-Fraktion NRW,≤100,1
648606161910298,"Ministerium für Arbeit, Soziales, Frauen und Gesundheit","Ministerium für Arbeit, Soziales, Frauen und Gesundheit",≤100,4
109239916419769,Demokratie in Bewegung NRW,DEMOKRATIE IN BEWEGUNG NRW,≤100,1
399241730563,Quarks,Westdeutscher Rundfunk Köln,≤100,8
150677658961760,Markus Walbrunn,AfD Kreisverband München West/Mitte,≤100,2
873245869460562,Violence Prevention Network,VPN e.V.,≤100,1
204191076644782,"Thüringer Ministerium für Bildung, Jugend und Sport","Thüringer Ministerium für Bildung, Jugend und Sport",≤100,1
129361693933540,juris Das Rechtsportal,juris GmbH,≤100,9
102042018624623,Initiative Chefsache,Initiative Chefsache,≤100,2
101295889683911,BfU Dr. Poppe AG,BfU Dr. Poppe AG,≤100,2
168113884409,JUGEND für Europa,JUGEND für Europa - Nationale Agentur Erasmus+ Jugend und Europäisches Solidaritätskorps,≤100,1
115311641867931,Wir haben es satt,Wir haben es satt!,≤100,2
1137644026292121,medica mondiale e. V.,medica mondiale e.V.,≤100,11
173369732686833,Bündnis90/Die Grünen Frankfurt,BÜNDNIS 90/DIE GRÜNEN KV Frankfurt,≤100,6
527351247377965,European Committee of the Regions,European Committee of the Regions,≤100,6
1108590832484775,AfD Hannover Land,AfD Kreisverband Hannover - Land,≤100,1
174677033297314,Architektenkammer Baden-Württemberg,Architektenkammer Baden-Württemberg,≤100,4
1694184940823313,Ostsee-Zeitung Usedom,MADSACK Market Solutions GmbH,≤100,1
201027810797263,Alexander Grotov - Landtagskandidat Kassel West,Alexander Grotov - Landtagskandidat Kassel West,≤100,4
116243584864802,Tobias Reiß MdL,Tobias Reiß,≤100,4
104988105720688,SVG_Sued,SVG Service und Vertrieb Süd GmbH,≤100,6
111597401031415,Ulrich Reiner - Freie Wähler,Ulrich Reiner - Freie Wähler,≤100,1
111210815250659,vian px,These ads ran without a disclaimer,≤100,1
558754197477014,DIE LINKE. Hessen,DIE LINKE. Hessen,≤100,4
225381241578073,Tobias Eckert,Tobias Eckert,≤100,2
106256868072612,"Ansgar Schledde, MdL Niedersachsen","Ansgar Schledde, MdL Niedersachsen",≤100,1
1777242045728084,Lutz Heese CSU,Lutz Heese CSU,≤100,1
204451377322,GRÜNE Ingolstadt,GRÜNE Ingolstadt,≤100,1
115956118028960,Beratungsstelle Barrierefreiheit,Bayerische Architektenkammer,≤100,2
265222623501426,Grüne Regensburg,Bündnis 90/Die Grünen Regensburg-Stadt,≤100,1
276040002549416,FREIE WÄHLER Bayern,Freie Wähler Bayern,≤100,1
115209639844774,Jennifer Kaiser Steiner,Jennifer Kaiser Steiner,≤100,4
103361361921350,Mathias Zeuner FDP,Mathias Zeuner - FDP,≤100,1
115407298117063,Sebastian Koch,Sebastian Koch,≤100,4
109135205793336,Junge Liberale JuLis Bayern,Junge Liberale JuLis Bayern,≤100,1
104524625500438,Birgit Heitland - Ihre Landtagsabgeordnete,Birgit Heitland - Ihre Landtagsabgeordnete,≤100,3
100451192976841,Andreas Birzele,Andreas Birzele,≤100,1
100262984885787,Klimfarms,Klimfarms,≤100,4
107704830821545,Senatsverwaltung MVKU Berlin,Senatsverwaltung MVKU Berlin,≤100,4
165629350137468,Schaebens,Schaebens,≤100,2
130039690359915,Aktionsgemeinschaft Solidarische Welt,Aktionsgemeinschaft Solidarische Welt,≤100,2
357751567632105,FWG Büdingen,FWG Büdingen,≤100,17
134483979119,Rosa-Luxemburg-Stiftung,Rosa-Luxemburg-Stiftung,≤100,9
275948812881586,NVV bewegt,Nordhessischer Verkehrsverbund,≤100,1
112939050336757,Landeszentrale für Umweltaufklärung RLP,Landeszentrale für Umweltaufklärung Rheinland-Pfalz,≤100,2
1664295653852819,Unabhängige Patientenberatung Deutschland  - UPD,UPD Patientenberatung Deutschland gGmbH,≤100,1
102232586265024,Edwin Hußlein,Edwin Hußlein,≤100,13
99923813221,vorwärts,Berliner vorwärts Verlagsgesellschaft mbH vorwärts,≤100,7
247561735662222,Arif Tasdelen,Arif Tasdelen,≤100,4
268425203200087,Nachhaltigkeit in BaWü,Nachhaltigkeit in BaWü,≤100,1
1142127912586458,Kreissparkasse Saarpfalz,Kreissparkasse Saarpfalz,≤100,1
938587379491828,DIE LINKE. Kreisverband Frankfurt am Main,DIE LINKE. Kreisverband Frankfurt am Main,≤100,4
100322788072812,The Closest Loop,The Closest Loop GmbH,≤100,2
105537757585128,Freie Demokraten im Thüringer Landtag,Freie Demokraten im Thüringer Landtag,≤100,2
1420588518181094,Volksverpetzer,Volksverpetzer,≤100,4
1173504606112676,Bundesministerium für Bildung und Forschung,Bundesministerium für Bildung und Forschung,≤100,1
144043722282654,BUND Naturschutz in Bayern,Bund Naturschutz in Bayern,≤100,2
2175880285988293,Stadtwerke Stuttgart,Stadtwerke Stuttgart GmbH,≤100,3
875209602502336,AfD Kreisverband Vogelsberg,AfD Kreisverband Vogelsberg,≤100,2
339894849467492,GASAG,GASAG AG,≤100,2
282466865550882,Avacon,Avacon Ag,≤100,1
105443538932930,GWM ORA Deutschland,O! Automobile GmbH,≤100,1
165927270113539,DIE LINKE. Darmstadt,DIE LINKE. Darmstadt,≤100,4
110039743940233,Saarländische Investitionskreditbank,Saarländische Investitionskreditbank,≤100,1
172258436162278,MAZ Oberhavel,MADSACK Market Solutions GmbH,≤100,1
111040990419997,Michael Ziegler Stadtrat,Michael Ziegler Stadtrat,≤100,3
103677506153305,Die Dickbrettbohrer,Die Dickbrettbohrer,≤100,2
108949611536137,Jörg Schröder Coaching,These ads ran without a disclaimer,≤100,1
100572773318575,Ärzte der Welt,Ärzte der Welt,≤100,4
298027523994,CSU-Kreisverband Pfaffenhofen,CSU-Kreisverband Pfaffenhofen,≤100,2
135005013192622,Linksfraktion Sachsen,Linksfraktion Sachsen,≤100,2
102595332820991,Martin Ansbacher,Martin Ansbacher,≤100,2
219199351506333,CSU Oberpfalz,CSU Oberpfalz,≤100,1
122097323984008559,Weary Numb,These ads ran without a disclaimer,≤100,1
294494163510,Europäisches Parlament - Verbindungsbüro in Deutschland,Europäisches Parlament - Verbindungsbüro in Deutschland,≤100,2
1115494021910514,GelobtesLand,Regionalrat Wirtschaft Rhein Hunsrück e.V.,≤100,1
1375038296114465,Nufarm Deutschland GmbH,Nufarm Deutschland GmbH,≤100,1
163581483776364,Konrad-Adenauer-Stiftung Politisches Bildungsforum Thüringen,Konrad-Adenauer-Stiftung e.V.,≤100,2
738902382819206,Alexander Hold,Alexander Hold,≤100,2
1565754943752371,Robert Farle,Robert Farle,≤100,2
103204458635909,Ralf Schönborn,Ralf Schönborn (MdL) Alternative für Deutschland (AfD),≤100,4
110703812319336,Renault Trucks Deutschland,Renault Trucks Deutschland,≤100,6
115284013260598,"Kathrin Pollack,  SPD","Kathrin Pollack,  SPD",≤100,10
140889782312,Friedrich-Naumann-Stiftung für die Freiheit,Friedrich-Naumann-Stiftung für die Freiheit,≤100,6
106716585669887,Bürgermeisterkandidatin Ina Möbius,Bürgermeisterkandidatin Ina Möbius,≤100,2
1540045636302649,Arolsen Archives,Arolsen Archives,≤100,4
680341992382788,Raimond Scheirich,Raimond Scheirich,≤100,5
954987347952113,DIE LINKE. Rhein-Erft-Kreis,DIE LINKE. Rhein-Erft,≤100,1
101059333039520,Stefan Labus,Freie Wähler Schweinfurt,≤100,7
131458137929,FDP/DVP-Fraktion im Landtag Baden-Württemberg,FDP/DVP-Fraktion im Landtag Baden-Württemberg,≤100,2
122101316504004328,Surprised Honorable,These ads ran without a disclaimer,≤100,1
146624815401968,AVR Kommunal AöR,These ads ran without a disclaimer,≤100,1
122097102284011049,Forceful Annual,These ads ran without a disclaimer,≤100,1
105394695382463,Sparkassen-Finanzgruppe Saar,Sparkassen-Finanzgruppe Saar,≤100,1
587921848027213,Andreas Winhart MdL,Angebordnetenbüro,≤100,4
1413031255637621,Alternative für Deutschland AfD - Städteregion Aachen,AfD Kreisverband Städteregion Aachen,≤100,1
133878906642545,BASECAMP digital,BASECAMP digital,≤100,4
357029895386,FDP-Landtagsfraktion NRW,FDP-Landtagsfraktion Nordrhein-Westfalen,≤100,2
479867498884145,Jusos Illingen,Jusos Illingen,≤100,1
380885335256162,Linksfraktion Hamburg,Linksfraktion Hamburg,≤100,2
125059614013529,Wissen ohne Ende,Bürger Engagement Stuttgart,≤100,1
120173129045,Hanser Literaturverlage,These ads ran without a disclaimer,≤100,1
158059954364490,Das Prinzip Apfelbaum,Das Prinzip Apfelbaum,≤100,1
567366010021216,Bundesministerium der Justiz,Bundesministerium der Justiz,≤100,1
499613946840551,Partei der Humanisten,Partei der Humanisten,≤100,1
122097123350008253,Accomplished Vibrant,These ads ran without a disclaimer,≤100,1
122098714142009185,Wiggly Icky,These ads ran without a disclaimer,≤100,1
172878316101333,Stadtwerke Göttingen AG,Stadtwerke Göttingen,≤100,4
135984139804495,SoVD - Sozialverband Deutschland e.V.,SoVD - Sozialverband Deutschland e.V.,≤100,2
420751304956832,Bündnis 90/Die Grünen Landkreis Miesbach,Bündnis 90/Die Grünen Landkreis Miesbach,≤100,6
113508481602419,"Andreas Mayer, AfD","Andreas Mayer, AfD",≤100,4
101503181468575,Susanne Bock von Wülfingen,Freie Wähler Oberfranken,≤100,2
101011128446841,Bündnis Deutschland,Bündnis Deutschland,≤100,1
1469980413307635,AfD Fürstenfeldbruck,AfD Fürstenfeldbruck,≤100,6
722613791172825,BRALE Bau GmbH,BRALE Bau GmbH,≤100,1
1799289273687556,Beratungsstelle Frauennotruf Frankfurt,Beratungsstelle Frauennotruf Frankfurt,≤100,11
264774371104830,Alexander Zellner,Alexander Zellner FDP,≤100,12
304194770192998,Rechtsgerichtet Podcast,Rechtsgerichtet Podcast,≤100,7
1769874936617486,SPD im Ruhrparlament,SPD-Fraktion im RVR,≤100,1
302829863147214,Baden-Württemberg Stiftung,Baden-Württemberg Stiftung,≤100,7
636443633364309,Oskar Lipp AfD,Oskar Lipp AfD,≤100,3
111816597962933,Jan-Wilhelm Pohlmann MdL,Jan-Wilhelm Pohlmann MdL,≤100,1
170813019659671,Stadtwerke Tübingen: Wir wirken mit.,Stadtwerke Tübingen GmbH,≤100,3
112538515037838,Ralf Arnold,Ralf Arnold,≤100,2
343842885806753,Berliner Klimatag,BUND Berlin e.V.,≤100,5
182122032722108,Franz Bergmüller MdL,Franz Bergmüller MdL,≤100,2
105609042076,Politik zum Anfassen e.V.,Politik zum Anfassen e.V.,≤100,6
997341353721766,AfD Landkreis Wunsiedel,AFD Landkreis Wunsiedel,≤100,6
1450653745148053,Freie Bürger für Baden-Baden,Freie Bürger für Baden-Baden e.V.,≤100,8
387265757994731,IG Metall Wolfsburg,IG Metall Wolfsburg,≤100,1
108553935622422,Robert Hille - Ein neuer OB für Norderstedt,CDU Kreisverband Segeberg,≤100,1
122097292094010416,Bony Revolving,These ads ran without a disclaimer,≤100,1
118252978672037,Thüringer Landtag,Thüringer Landtag,≤100,3
397386417443517,Bad Arolsen - Natürlich,Die Stadt Bad Arolsen,≤100,1
115132565001036,Pinck Ingenieure Consulting GmbH & Co. KG,These ads ran without a disclaimer,≤100,5
267353906619818,Mr. Gugu & Miss Go,These ads ran without a disclaimer,≤100,20
1403988733183196,AfD Kreisverband Minden-Lübbecke,AfD Kreisverband Minden-Lübbecke,≤100,1
111691415246062,"Kaweh Nemati - Ihr Landtagskandidat für Bornheim, Nordend, Ostend",CDU Kreisgeschäftsstelle Frankfurt,≤100,1
392492927554286,Daniel Roi,Daniel Roi,≤100,1
507915275901456,Stadt Dortmund,Stadt Dortmund,≤100,1
234201113333969,Kreisbote Kempten,Kreisbote Kempten,≤100,3
320748971641029,"Martin Böhm, MdL",Afd Bayern Abgeordnetenböro MdL Böhm,≤100,1
442474682778346,Gerd Mannes,"Gerd Mannes, MdL",≤100,9
107049224294046,Cenk Gönül,Cenk Gönül,≤100,3
676552165696541,Bündnis 90/ Die Grünen Donau-Ries,Bündnis 90/ Die Grünen Donau-Ries,≤100,2
387997777920068,GRÜNE Fürth-Land,GRÜNE Fürth-Land,≤100,1
345598788891061,AfD Bayern,AfD Bayern,≤100,1
561790493848046,SPD Saarbrücken,SPD Stadtratsfraktion Saarbrücken,≤100,2
100567834930339,RUMS,RUMS,≤100,1
1943856862591685,Markus Striedl - Landtags- und Bezirkstagskandidat der AfD,Markus Striedl - Landtags- und Bezirkstagskandidat der AfD,≤100,3
103324904374317,VSE Karriere,VSE AG,≤100,5
166316026769607,FDP Fürstenfeldbruck,FDP Kreisverband Fürstenfeldbruck,≤100,2
284524533339913,Kleinwasserkraft,Arbeitsgemeinschaft Wasserkraftwerke Baden-Württemberg (AWK) e.V.,≤100,3
110892411855324,Aynur Kir - Politikerin,Aynur Kir - Politikerin,≤100,4
100325925442366,innn.it,innn.it,≤100,1
117065414989292,IKK classic,IKK classic,≤100,3
102481204966254,Dominik Lawetzky,Wahlkampagne Dominik Lawetzky,≤100,5
120519827980254,Karsten Klein,Karsten Klein,≤100,2
600924583252236,Landeszentrale für politische Bildung Sachsen-Anhalt,Landeszentrale für politische Bildung Sachsen-Anhalt,≤100,3
195350913920671,Universität Hamburg,Universität Hamburg,≤100,1
220985645048814,Wir Für Felix,Wir Für Felix,≤100,1
611910082337980,VerbraucherCheck.net,VerbraucherCheck.net,≤100,3
178972122459776,SPD Hünfeld,SPD Hünfeld,≤100,1
130374060326405,Diakonie RWL,Diakonisches Werk Rheinland-Westfalen-Lippe e.V.,≤100,3
105994161580277,Konservative Mitte,Konservative Mitte e.V.,≤100,2
100675542997836,Lena C. Schwelling,Lena Schwelling,≤100,3
207126213039137,Tobi Grimm,Tobi Grimm,≤100,1
181535349099426,"Jörn König, MdB","Jörn König, MdB",≤100,4
358925154130729,DEPI Deutsches Pelletinstitut,DEPI Deutsches Pelletinstitut,≤100,2
141931462525928,Heilbronner Stimme,These ads ran without a disclaimer,≤100,2
259950521214316,Frank Lortz,Frank Lortz,≤100,5
344190642723095,Schwertfeger & Kollegen GmbH,Schwertfeger & Kollegen GmbH,≤100,1
488050575004641,"Christina Haubrich, MdL","Christina Haubrich, MdL",≤100,1
582870681731673,Marion Schardt-Sauer MdL,Marion Schardt-Sauer,≤100,2
194580740596001,SPD Troisdorf,SPD Troisdorf,≤100,1
267489696755162,ELEMENTS,These ads ran without a disclaimer,≤100,1
556036227755579,DGB Kreisverband Wiesbaden Rheingau-Taunus,DGB Kreisverband Wiesbaden Rheingau-Taunus,≤100,1
131522066902260,CSU Kreisverband Ingolstadt,Alfred Grob,≤100,4
241988805843860,CSU Regensburg-Land,CSU Regensburg-Land,≤100,4
115791799979438,DGB Nord,DGB Nord,≤100,6
112083958146664,COLD WAR Museum Berlin,CWM COLD WAR Museum GmbH,≤100,2
286350444716030,UN-Dekade Wiederherstellung von Ökosystemen,UN-Dekade-Büro c/o nova-Institut GmbH,≤100,4
160531500656482,FDP-Fraktion Bremen,FDP-Fraktion Bremen,≤100,1
113396290044519,Toni Schuberl,"Toni Schuberl, MdL",≤100,6
1570947496483404,Frauen in ver.di,Frauen in ver.di,≤100,1
106815194718475,DGB in Mecklenburg-Vorpommern,DGB Region Rostock-Schwerin,≤100,4
330143903797871,Dr. Alexander Dietrich,Dr. Alexander Dietrich,≤100,1
260106687889118,Kopp Verlag,Kopp Verlag,≤100,2
306105376225527,DGB Region Schleswig-Holstein Südost in Lübeck,DGB Region Schleswig-Holstein Südost,≤100,6
117534528257937,Bund für Umwelt und Naturschutz Deutschland,Bund für Umwelt und Naturschutz Deutschland,≤100,7
395532174626353,CDU Lahn-Dill,CDU Kreisverband Lahn-Dill,≤100,4
130288206997548,dierotationsdrucker,dierotationsdrucker.de,≤100,1
103106612849998,Rettet die Passauer Wälder,GRÜNE Passau,≤100,1
340811472964473,Christen an der Seite Israels,Christen an der Seite Israels,≤100,4
287620881589935,Klimaschutzministerium RLP,Umweltministerium RLP,≤100,1
110017935507420,Robert Erkan,"BÜNDNIS 90/ DIE GRÜNEN Kreisverband Main-Kinzig Calvinstraße 10, 63450 Hanau",≤100,1
179615825577477,Pro Hamm,Pro Hamm,≤100,4
212519728941691,SPD Oestrich-Winkel,SPD Oestrich-Winkel,≤100,2
510695342636413,Oliver von Falkenburg,Oliver von Falkenburg,≤100,1
602487899802568,Özlem Alev Demirel,Özlem Alev Demirel,≤100,3
110069134851029,Justus Moor,Justus Moor MdL,≤100,2
100496610017028,chrismon,chrismon,≤100,4
940147356129289,Naturpark Schwarzwald Mitte/Nord,These ads ran without a disclaimer,≤100,1
163376107717701,Claudia Arabackyj,Claudia Arabackyj,≤100,3
1218561858288255,Motaris GmbH,Motaris GmbH,≤100,3
2229195827350931,Benedikt Flexeder,Benedikt Flexeder,≤100,4
193178474048113,SPD-Ortsverein Vaterstetten,SPD OV Vaterstetten,≤100,1
192399750968414,Felix Locke - Freie Wähler,Felix Locke - Freie Wähler,≤100,5
564616706926430,Bündnis 90/Die Grünen Darmstadt,Bündnis 90/Die Grünen Darmstadt,≤100,4
138889259456937,CDU Wetterau,CDU Wetterau,≤100,1
1560776847495092,Radkultur Baden-Württemberg,RadKULTUR Baden-Württemberg,≤100,4
320901934918482,AfD KV Erding,AfD Kreisverband Erding,≤100,1
415367309037687,Klaus Esser,Klaus Esser,≤100,2
129689207200302,Bündnis 90 / Die Grünen Schwalm-Eder,BÜNDNIS 90/DIE GRÜNEN Schwalm-Eder,≤100,2
111486313936267,Prof. Dr. Rüdiger Sterzenbach,Prof. Dr. Rüdiger Sterzenbach,≤100,1
1783417735277557,Martin Reichardt,Martin Reichardt,≤100,2
100325632905068,Gabrielle Mailbeck,Gabrielle Mailbeck,≤100,3
117431521355605,André Krillwitz,André Krillwitz,≤100,4
110294435460051,Alexander Kleine,Alexander Kleine,≤100,1
114506384984258,Thomas Rosspacher - Bezirksbeirat AfD in Stuttgart,Thomas Rosspacher,≤100,4
2222058774520045,AWSH - Abfallwirtschaft Südholstein,Abfallwirtschaft Südholstein GmbH,≤100,2
135445149965726,Kai Whittaker,Kai Whittaker,≤100,1
108767957219462,laura.koc_photography,These ads ran without a disclaimer,≤100,1
273736886542737,elektrikerjobs.de,These ads ran without a disclaimer,≤100,1
1743036232631712,DGB Kiel Region,DGB Kiel Region,≤100,4
250121158707830,AfD-Fraktion Abgeordnetenhaus Berlin,AfD Fraktion im Abgeordnetenhaus von Berlin,≤100,1
136815499687911,SPD-Landtagsfraktion Baden-Württemberg,SPD-Landtagsfraktion Baden-Württemberg,≤100,1
1110204782371616,Die Moderne Landwirtschaft,Forum Moderne Landwirtschaft e.V.,≤100,10
266016533484588,free-key,These ads ran without a disclaimer,≤100,1
1907103892894001,Jessica Buch • Zeit für Meer • Social Media Marketing • Content Creation,These ads ran without a disclaimer,≤100,1
714103685693448,Péter Vida,BVB / FREIE WÄHLER,≤100,1
322199684504750,SPD Kassel,SPD Kassel,≤100,6
262653703751126,CDU Gelsenkirchen,CDU Kreisverband Gelsenkirchen,≤100,1
150636586500702,FDP Stadtverband Melsungen,Eskor Werbeagentur im Auftrag FDP Melsungen,≤100,1
116908774990653,CSU Coburg-Stadt,CSU Coburg-Stadt,≤100,1
211336808931412,GRÜNE Mülheim,Bündnis 90 / Die Grünen Mülheim,≤100,1
285570741643695,AfD-Fraktion im Regionalverband Ruhr,AfD-Fraktion RVR,≤100,1
107837364488924,Britta Hundesrügge-Seite,Britta Hundesrügge-Seite,≤100,1
531504136955879,BVB / Freie Wähler - Fraktion im Landtag Brandenburg,BVB / FREIE WÄHLER Fraktion,≤100,2
581244975375929,AWO Region Hannover e.V.,AWO Region Hannover e.V.,≤100,3
390819674334795,Grüne Rodenkirchen,"Bündnis90/Die Grünen, Ortsverband Köln-Rodenkirchen",≤100,1
110162371292381,Hannes Henze,Hannes Henze,≤100,1
103632892589780,AfD-Fraktion Niedersachsen,AfD-Fraktion Niedersachsen,≤100,1
2250745291651859,BVB / Freie Wähler Bernau,BVB / FREIE WÄHLER,≤100,1
109179885581820,wfd_kgd,These ads ran without a disclaimer,≤100,1
101074379412781,tunes.klub,These ads ran without a disclaimer,≤100,1
173138849399254,FDP Nürnberg,FDP Kreisverband Nürnberg,≤100,2
245359058938449,Brunel Global,These ads ran without a disclaimer,≤100,1
105237008197753,Matthias Moosdorf MdB,Matthias Moosdorf,≤100,1
2062077667371091,"Robert Kühn, Bürgermeister Bad Wiessee","Robert Kühn, Bürgermeister Bad Wiessee",≤100,1
1606725526229201,Johannes Steiniger,Johannes Steiniger,≤100,3
101931802986349,balmark_de,These ads ran without a disclaimer,≤100,1
223078917757220,GEW Saarland,GEW,≤100,2
301320926723050,CDU Mittelsachsen,CDU Mittelsachsen,≤100,1
195360647155114,Kulturzentrum Pelmke e.V.,These ads ran without a disclaimer,≤100,1
776181625870130,Finn Thomsen,Finn Thomsen,≤100,1
192657121354553,Online-Streetwork,AVP e.V.,≤100,2
100166866328132,Rene Dierkes,AfD Kreisverband München Ost,≤100,2
337376414345515,Björn Eichenauer,Björn Eichenauer,≤100,2
448671251848783,DIE LINKE. Main-Taunus,DIE LINKE. Main-Taunus,≤100,2
114554831934355,Tierschutzbund,Deutscher Tierschutzbund e.V.,≤100,4
536130316443893,AfD / Charlottenburg-Wilmersdorf,AfD / Charlottenburg-Wilmersdorf,≤100,1
254488878091190,American Club of Hamburg e.V.,The American Club of Hamburg e.V.,≤100,1
1598796167053270,AfD Kreisverband Frankfurt am Main,Alternative für Deutschland,≤100,1
103343858375708,Martin Schmidt - AfD MdL,Martin Schmidt,≤100,1
346271552160809,DIE LINKE. Neukölln,DIE LINKE.Neukölln,≤100,1
107579234156870,FFF Hochtaunuskreis,Fridays for Future Hochtaunuskreis,≤100,2
113044328456944,dieBasis Schwaben,dieBasis Kreisverband Aichach-Friedberg,≤100,1
108384051608197,Free Castle Nights,These ads ran without a disclaimer,≤100,1
104544314513922,Franz Josef Natterer-Babych,Franz Josef Natterer-Babych,≤100,1
106675584942040,Stadt Plauen,These ads ran without a disclaimer,≤100,1
106078808429797,Jan-Phillip Tadsen - MdL,Jan-Phillip Tadsen - MdL,≤100,1
161990010584761,Stiftung Demokratie Saarland,Stiftung Demokratie Saarland,≤100,1
100471655645989,Tobias Winkler,Tobias Winkler,≤100,2
427081657332874,ME2BE,ME2BE,≤100,6
100779442308237,Stadtwerke Backnang,Stadtwerke Backnang GmbH,≤100,2
380760608622106,Jusos in der SPD Landkreis Harburg,These ads ran without a disclaimer,≤100,1
910790398984963,AfD Schleswig-Holstein,AfD Landesverband Schleswig-Holstein,≤100,1
344156702608625,Mathias Stein,"Mathias Stein, MdB",≤100,2
401777539846712,politjobs.de,polisphere GmbH,≤100,2
389053494880517,Buderus Deutschland,Buderus Deutschland,≤100,1
1685119911514238,CDU Hoisdorf,CDU Hoisdorf,≤100,1
152033178165965,Deutsche Bahn Personenverkehr,These ads ran without a disclaimer,≤100,1
412044772689303,SPD Miesbach,SPD Ortsverein Miesbach,≤100,1
144827455697988,asphericon,asphericon GmbH,≤100,1
100572773318575,Ärzte der Welt,Ärzte der Welt e.V.,≤100,1
103231839341758,Nico Stegmayer - Landtagskandidat,Nico Stegmayer - Landtagskandidat,≤100,1
106123098657128,Niklas Schenker,Niklas Schenker MdA DIE LINKE,≤100,3
102231208554293,Peter Reitmaier,Peter Reitmaier,≤100,1
204301786272539,Erdgas Südwest,Erdgas Südwest,≤100,1
100334279287899,Christian Frölich,Christian Frölich,≤100,1
156913884898596,Freie Wähler Hof,Freie Wähler Hof,≤100,1
126242807046167,Florian Stefaniak Ihr Bürgermeisterkandidat für das Osternienburger Land,Florian Stefaniak Ihr Bürgermeisterkandidat für das Osternienburger Land,≤100,1
114484108586773,CDU-Fraktion Leipzig,CDU-Fraktion im Stadtrat zu Leipzig,≤100,2
634087250131145,Werner Kalinka MdL,Werner Kalinka,≤100,1
477181792361674,Commerzbank,Commerzbank,≤100,1
2206499196243539,Jonah Werner,Jonah Werner,≤100,1
452735604764621,Freie Wähler München e.V.,FREIE WÄHLER München,≤100,1
1569077020064629,Sozialverband VdK Baden-Württemberg      e. V.,Sozialverband VdK Baden-Württemberg e.V.,≤100,1
112144060366999,Momentum Németország / Momentum in Deutschland,Momentum Németország / Momentum in Deutschland,≤100,1
1492601647681902,AfD Westerwald,AfD Westerwald,≤100,2
121097790490,Albert Schweitzer Stiftung für unsere Mitwelt,Albert Schweitzer Stiftung für unsere Mitwelt,≤100,1
112993790163333,Anton Rittel,Anton Rittel,≤100,2
1406082262964156,ÖDP Aschaffenburg,ÖDP Aschaffenburg,≤100,1
121899617518682,Hans Friedl,Hans Friedl,≤100,1
101046479683083,Dima Landau,These ads ran without a disclaimer,≤100,1
317585369012294,SPD-Ratsfraktion Duisburg,SPD Ratsfraktion Duisburg,≤100,1
1060248910727859,"Thomas Seitz, MdB","Thomas Seitz, MdB",≤100,1
105987835138288,WW Goes Green,WW Goes Green,≤100,3
454500231285734,BMW Niederlassungen Düsseldorf,These ads ran without a disclaimer,≤100,1
285222138247788,SPD Bad Schwartau,SPD Bad Schwartau,≤100,1
117892534983511,DIE LINKE. Fraktion im Landtag Brandenburg,Fraktion.DIE LINKE im Landtag Brandenburg,≤100,2
111017698584804,Klima Kraftstoffe GmbH,Klima Kraftstoffe GmbH,≤100,1
255987817905639,MAZ Brandenburg an der Havel,MADSACK Market Solutions GmbH,≤100,1
123523341045520,DIE FAMILIENUNTERNEHMER,Die Familienunternehmer,≤100,1
1758067454469733,AfD Offenbach,AfD Offenbach,≤100,1
100498955305652,advokat_kuschnir,These ads ran without a disclaimer,≤100,1
104425389118359,Dr. Florian Freund,Dr. Florian Freund,≤100,1
109443749166927,CDU Mannheim,CDU Mannheim,≤100,1
204593426953125,AfD-Paderborn,AfD-Paderborn,≤100,1
103413604461325,FDP Penzberg-Iffeldorf,FDP Penzberg-Iffeldorf,≤100,1
1563759740356396,AfD Bezirk Hamburg-Eimsbüttel,Bezirk AfD Hamburg-Eimsbüttel,≤100,1
197633989769,monte mare,monte mare,≤100,1
450345241685505,Welttierschutzgesellschaft - WTG e.V.,Welttierschutzgesellschaft - WTG e.V.,≤100,1
765759413444131,Uwe Bergmann - 2. Bürgermeister der Stadt Schnaittenbach,Uwe Bergmann - 2. Bürgermeister der Stadt Schnaittenbach,≤100,1
188563151156073,CDU Frankfurt am Main,CDU Kreisverband Frankfurt am Main,≤100,1
199517326737409,FDP Unterfranken,FDP Unterfranken,≤100,2
108625789179165,Soi Dog Foundation,These ads ran without a disclaimer,≤100,1
105217148823106,Steve Brachwitz,Steve Brachwitz,≤100,1
318777969683,Waggonhalle Marburg,Waggonhalle Kulturzentrum e.V.,≤100,2
201417363210028,Deutsches Hygiene-Museum,Stiftung Deutsches Hygiene-Museum,≤100,1
146645119202487,Monika Freitagsmüller - Bürgermeisterkandidatin,Monika Freitagsmüller - Bürgermeisterkandidatin,≤100,1
110404064204394,Grüne Kempten,Kreisverband Bündis 90/Die Grünen Kempten,≤100,1
101749628198714,Promova,These ads ran without a disclaimer,≤100,1
134852682088601,Gereon Bollmann,"Gereon Bollmann, MdB",≤100,2
109120315141988,Deutsche Sacharow Gesellschaft,Deutsche Sacharow-Gesellschaft e.V.,≤100,1
193608491239022,Freifam,Freifam.de,≤100,1
107011801232098,Jugendforum Nachhaltigkeit Brandenburg,Jugendforum Nachhaltigkeit Brandenburg,≤100,1
1004775922873604,Diözese Rottenburg-Stuttgart,These ads ran without a disclaimer,≤100,2
757499801061495,anzeiger24.de,Dein Hilden,≤100,2
105328695738132,Osnabrücker Friedensjubiläum 2023,Osnabrücker Friedensjubiläum 2023,≤100,1
113735448246506,Björn Zimmer - Ihr Bürgermeisterkandidat,Björn Zimmer - Ihr Bürgermeisterkandidat,≤100,1
113935357134350,"Martina Bonertz, ÖDP-Direktkandidatin für den Bezirkstag Oberbayern","Martina Bonertz, ÖDP-Direktkandidatin für den Bezirkstag Oberbayern",≤100,4
235630759933135,AfD Magdeburg,AfD Magdeburg,≤100,2
109144482547942,SPD Ortsverein Langenfeld,SPD Ortsverein Langenfeld,≤100,1
1287910941236600,AfD Fraktion Darmstadt,AfD-Darmstadt-Fraktion,≤100,1
1796247320649505,Unabhängige Liste Idstein,Unabhängige Liste Idstein,≤100,1
153467308073688,FDP Bielefeld,FDP Bielefeld,≤100,1
963855347124050,Helmut Markwort,Helmut Markwort,≤100,3
1440334626199243,SPD - Kreisverband Kitzingen,SPD-Kreisverband Kitzingen,≤100,1
112631919091769,AfD Alzey-Worms,AfD Kreisverband Alzey-Worms,≤100,1
206482291934,CDU Lemgo,CDU Lemgo,≤100,1
130474463763840,Ministerium für Bildung und Kultur (Saarland),Ministerium für Bildung und Kultur (Saarland),≤100,1
305522029945817,Matthias Fischbach,Matthias Fischbach,≤100,1
113959368688613,SPD-Landtagsfraktion Saarland,SPD-Landtagsfraktion Saarland,≤100,1
105452604796062,SachsenEnergie AG,SachsenEnergie AG,≤100,1
106425384339036,SPD-Fraktion Potsdam,SPD-Stadtfraktion Potsdam,≤100,1
106753722490708,Bürgermeisterkandidat Stefan Conrad,Bürgermeisterkandidat Stefan Conrad,≤100,1
1518748335064476,Die Grünen Wiesbaden,Bündnis 90/DIE GRÜNEN Wiesbaden,≤100,2
144488038949572,"David Wulff, MdL","David Wulff, MdL",≤100,1
101342159467949,Grüne Großkarolinenfeld,Designery GmbH,≤100,7
1812249139094166,Ronny Kumpf,AfD,≤100,2
1410521672554646,Freie Wählergemeinschaft Borchen FWB,Freie Wählergemeinschaft Borchen FWB e. V.,≤100,1
114018974889363,Stop Lie,Stop Lie,≤100,1
205638336210232,CDU Arnsberg,CDU Arnsberg,≤100,1
1811839762254313,Bayerisches Innenministerium,"Bayerisches Staatsministerium des Innern, für Sport und Integration",≤100,4
107579450419,Bündnis 90/Die Grünen Gelsenkirchen,BÜNDNIS 90/DIE GRÜNEN Ratsfraktion Gelsenkirchen,≤100,2
399128160157420,SPD-Ortsverein Iphofen,SPD-Ortsverein Iphofen,≤100,1
220961745285780,Plastik sparen,Plastik sparen,≤100,1
911307192249194,IGZ - Die SAP Ingenieure,These ads ran without a disclaimer,≤100,1
235834646439415,DEHOGA Sachsen,DEHOGA Sachsen,≤100,1
112748450461911,VCD Kreisverband Aschaffenburg-Miltenberg e.V.,VCD Kreisverband Aschaffenburg-Miltenberg e.V.,≤100,2
228618550513119,sagwas,sagwas,≤100,2
165426470181889,Mantel Haustechnik GmbH,These ads ran without a disclaimer,≤100,2
201339256741943,Rambacher Kerbegesellschaft 1965 e.V.,These ads ran without a disclaimer,≤100,1
291916071234631,Susen Knabner,Susen Knabner,≤100,3
107326235737753,Andreas Maraun,Andreas Maraun,≤100,1
152519821494595,SPD Tornesch,SPD Ortsverein Tornesch,≤100,1
115019181602516,Sven Müller-Winter,Sven Müller-Winter,≤100,1
225083245502119,Wahnsinn_Familie,These ads ran without a disclaimer,≤100,1
107499602687655,Freie Wähler Stuttgart,Freie Wähler Kreisverband Stuttgart e.V.,≤100,11
101815672826219,Tim Pascal Ludwig,Tim Pascal Ludwig,≤100,3
108372614764130,Christian Suhr,Christian Suhr,≤100,1
292410104121991,FU Bayern (Frauen-Union Bayern),FU Bayern (Frauen-Union Bayern),≤100,1
1830759883914417,Fraktionsgemeinschaft DIE LINKE/Die PARTEI im Chemnitzer Stadtrat,Fraktionsgemeinschaft DIE LINKE/ Die Partei,≤100,1
110463704610731,Cute Kiwi,These ads ran without a disclaimer,≤100,1
848908368459075,André Wendt,André Wendt,≤100,1
112743324394800,FDP-Fraktion Sachsen-Anhalt,FDP-Landtagsfraktion Sachsen-Anhalt,≤100,1
450065218535261,bnn.de / Badische Neueste Nachrichten,Badische Neueste Nachrichten Badendruck GmbH,≤100,1
292679914122798,VR Bank Südliche Weinstraße-Wasgau,VR Bank Südliche Weinstraße-Wasgau eG,≤100,1
210815045722761,Achtung für Tiere e.V.,Achtung für Tiere e.V.,≤100,1
355700274939168,AfD im Ennepe-Ruhr-Kreis,AfD Ennepe-Ruhr,≤100,1
1889496344625839,Jürgen Braun MdB,Jürgen Braun MdB,≤100,2
110578221607093,AfD Kreisverband Bautzen,AfD Kreisverband Bautzen,≤100,1
108737548215860,Ralf Schwarzkopf,Ralf Schwarzkopf,≤100,1
105961868048436,Björn Sommer,Björn Sommer,≤100,1
323724108344975,Prof. Dr. Ingo Hahn MdL,MdL Prof. Dr. Ingo Hahn,≤100,1
157935946201,co2online,co2online gemeinnützige Beratungsgesellschaft mbH,≤100,2
444996485544236,Wintec Autoglas Thorsten Hoffmann,These ads ran without a disclaimer,≤100,1
103004792660944,Longleaf Valley,These ads ran without a disclaimer,≤100,2
117035688026212,Freie Mitte,Wählergruppe FREIE MITTE Neuenhagen,≤100,1
452043821611961,Grüne Dreieich,Bündnis 90/Die Grünen - Dreieich,≤100,1
105761409451782,CDU Spandau,CDU Spandau,≤100,1
124281297648098,WSW Wuppertaler Stadtwerke GmbH,WSW Wuppertaler Stadtwerke GmbH,≤100,3
1463346287219503,CDU-Ratsfraktion Bonn,CDU-Ratsfraktion Bonn,≤100,1
1176675472454246,CAPinside.com,CAPinside GmbH,≤100,4
113225918731351,B90/Die Grünen Buxtehude-Apensen,B'90/Die Grünen Buxtehude-Apensen,≤100,1
103430965087384,SPD Ortsvereine Zetel & Neuenburg,SPD Ortsverein Zetel,≤100,1
1119942894694068,Hamburger Hilfskonvoi,Hamburger Hilfskonvoi,≤100,1
302634229761743,SPD Altrip,SPD Ortsverein Altrip,≤100,1
108419625876879,Wirtschaftsjunioren Bayern e. V.,Wirtschaftsjunioren Bayern e.V.,≤100,1
2278520139083178,Nautica Music Events,Nautica Music Events,≤100,1
486203081469505,Johannes Vogel,Johannes Vogel,≤100,4
487333424612058,Apartment Project Berlin,Apartment Project Berlin,≤100,1
120098984513398,Georg Wiedemann - Landtagskandidat 2023,SPD Donau Ries,≤100,1
501380493240659,Grüne Passau-Stadt,BÜNDNIS 90/DIE GRÜNEN Passau-Stadt,≤100,2
131002310303915,Staatsanzeiger BW,Staatsanzeiger für Baden-Württemberg GmbH & Co. KG,≤100,1
2214155448839076,Matthias Meier,Matthias Meier,≤100,1
104205619007345,leocor_ggmbh,Leocor gGmbH,≤100,2
117562528038139,Matthias Großgarten,SPD Niederkassel,≤100,2
146699989389687,Orte der Demokratiegeschichte,Gesellschaft zur Erforschung der Demokratie-Geschichte,≤100,1
119870391207355,HT Bau- und Projektgesellschaft,These ads ran without a disclaimer,≤100,1
282664988517132,SPD Wilnsdorf,SPD Wilnsdorf,≤100,1
540998849332680,Florian Schneider,"Florian Schneider, MdL",≤100,2
148130938686693,Mister X BY Streetpunk,These ads ran without a disclaimer,≤100,1
292562910756095,Rameen,These ads ran without a disclaimer,≤100,1
577102715692849,AfD-Kreisverband Main-Kinzig,AfD-Kreisverband Main-Kinzig,≤100,1
1507294599574371,CDU Grömitz,CDU Grömitz,≤100,1
621704367889607,SPD Seeheim-Jugenheim,SPD Seeheim-Jugenheim,≤100,1
119613661075387,Birgit Kömpel - Jetzt geht's vorwärts.,Birgit Kömpel - Jetzt geht's vorwärts.,≤100,1
228095697201366,Stasi-Unterlagen-Archiv,Stasi-Unterlagen-Archiv,≤100,1
122038517830943,FDP Schwerin,FDP Schwerin,≤100,2
212525098812757,Bündnis 90/Die Grünen Ennepetal,BÜNDNIS 90/DIE GRÜNEN Ortsverband Ennepetal,≤100,1
622489544781824,Marcus Johnen,Marcus Johnen (CDU),≤100,1
106378065617492,Marvin Kliem - SPD,Marvin Kliem,≤100,1
457247344370557,Alexander Flierl - Mitglied des Bayerischen Landtags,Alexander Flierl * Mitglied des Landtags,≤100,1
108395028639276,Vernunft geht über Ideologie,Vernunft geht über Ideologie,≤100,2
1967019790197412,Markus Wagner,"Markus Wagner, MdL",≤100,2
423387691111888,Mathias Papendieck,Mathias Papendieck,≤100,1
111262998220962,The Lodge Mallorca,These ads ran without a disclaimer,≤100,1
215574145176015,SPD-Fraktion Leverkusen,SPD-Fraktion Leverkusen,≤100,1
101985564727063,Tamer Kandemir,Tamer Kandemir,≤100,1
705394482959403,Handbook Germany,These ads ran without a disclaimer,≤100,1
245106622258525,CDU-Fraktion Land Bremen,CDU-Bürgerschaftsfraktion Bremen (Landtag),≤100,1
136218413073164,PowerShift e.V.,PowerShift,≤100,1
112487151226555,Paul Timm - Mitglied des Landtages,Paul Timm - Mitglied des Landtages,≤100,1
364323397633064,"Markus Weber, Freie Wähler","Markus Weber, Freie Wähler",≤100,1
156155281149864,FDP Köln,FDP Köln,≤100,1
1649698171959060,Refugee Voices Tours Berlin,Refugee Voices Tours,≤100,1
590979567933846,Duravit AG,These ads ran without a disclaimer,≤100,1
102931517967588,Freie Wähler Pommelsbrunn,FREIE WÄHLER Pommelsbrunn,≤100,1
142810395919029,DIE LINKE Lausitz,DIE LINKE Kreisverband Lausitz,≤100,1
1107995049275949,Maximilian Bathon - Landtagskandidat Kassel Ost,Maximilian Bathon,≤100,1
106039102568217,Sonja Patzelt-Schauer - FW,Sonja Patzelt-Schauer - FW,≤100,1
503009906450493,w wie weiblich,These ads ran without a disclaimer,≤100,1
103993844688559,FDP Bruchköbel,FDP Ortsverband Bruchköbel,≤100,1
115509634913391,LoriDesign Studios,These ads ran without a disclaimer,≤100,1
700577889971139,PENNY,PENNY,≤100,4
660199237404166,Arndt Automobile GmbH,Arndt Automobile Gmbh,≤100,1
145916568773293,Alma Hoppes Lustspielhaus,These ads ran without a disclaimer,≤100,1
109869825207629,Birgit Kannegießer,Birgit Kannegießer,≤100,1
230202191059203,SPD Ortsverein Salzwedel,SPD Ortsverein Salzwedel,≤100,1
1663359223972934,AfD Ebersberg,"Alternative für Deutschland (AfD), Kreisverband Ebersberg",≤100,1
1995165164067234,European Roma Institute for Arts and Culture - ERIAC,These ads ran without a disclaimer,≤100,1
642469353045950,Hans-Jürgen Goßner MdL - AfD,Hans-Jürgen Goßner MdL - AfD,≤100,1
331622844197016,Robert Lambrou,Robert Lambrou,≤100,2
172709939484063,Kreisbote Kaufbeuren,Kreisbote Kaufbeuren,≤100,1
100557683126818,Sven Wiebicke - Bürgermeisterkandidat,Sven Wiebicke - Bürgermeisterkandidat,≤100,1
274393199630147,Matthias Nölke,Matthias Nölke,≤100,1
117738101626747,GP JOULE,These ads ran without a disclaimer,≤100,1
103242231889663,CDU Stadtverband Löningen,CDU Stadtverband Löningen,≤100,1
105018555000761,Soziale Republik,Verein für konstruktiven Sozialismus e.V.,≤100,1
184138247750,Dennis Maelzer,Dr. Dennis Maelzer MdL NRW,≤100,1
443522133126069,AfD-Fraktion Bezirk Eimsbüttel,AfD-Fraktion Bezirk Eimsbüttel,≤100,1
104710009634129,CSU-Kreisverband Würzburg-Stadt,CSU Kreisverband Würzburg-Stadt,≤100,1
19746387261,Humane Society International,These ads ran without a disclaimer,≤100,1
101834242695293,Freistil-Reden,These ads ran without a disclaimer,≤100,1
102437931477691,Stefan Engstfeld,Stefan Engstfeld,≤100,1
105667114420101,"Thomas Thumm, MdL","Thomas Thumm, MdL",≤100,1
333879413323870,Die LINKE. Bad Hersfeld-Rotenburg,These ads ran without a disclaimer,≤100,1
90523314133,"Sozialistische Gleichheitspartei, IV Internationale - SGP","Sozialistische Gleichheitspartei, Vierte Internationale",≤100,1
160590350630358,Frankenwald-CSU,Frankenwald-CSU,≤100,1
113822305061411,Dietmar Seidl,Dietmar Seidl,≤100,1
105967089159849,digitaler_primat,These ads ran without a disclaimer,≤100,1
677376205783261,AfD Fraktion Stadt und Kreis Gifhorn,AfD Fraktion Gifhorn,≤100,1
103755082084691,Waldwende Jetzt • Mittelrhein,Waldwende Jetzt • Mittelrhein,≤100,1
153643435238174,Demokratie 3.0,Demokratie 3.0,≤100,1
111810298068171,Marius Beyer - Stadtrat Leipzig,Marius Beyer - Stadtrat Leipzig,≤100,1
114305191932520,Pro Wildlife e.V.,Pro Wildlife e.V.,≤100,1
1698700087037237,Alexander Throm,Alexander Throm,≤100,2
611910082337980,VerbraucherCheck.net,Verbrauchercheck.net,≤100,1
490116034356434,SPD Waltrop,SPD Stadtverband Waltrop,≤100,2
393738767670853,Geilenkirchener Zeitung,These ads ran without a disclaimer,≤100,1
116064499060160,Dirk Brandes - Für Niedersachsen im Bundestag,"Dirk Brandes, MdB",≤100,2
142603625775614,DIE LINKE. Sachsen,DIE LINKE. Sachsen,≤100,1
674330426098165,Jan Scholte-Reh,Jan Scholte-Reh,≤100,1
139591762718793,IHK Darmstadt,IHK Darmstadt,≤100,1
105543896145566,Alexander Bauer,Alexander Bauer,≤100,1
444096578976263,Die Familienunternehmer/Die Jungen Unternehmer Bremen,Die Familienunternehmer/Die Jungen Unternehmer Bremen,≤100,1
320968785199445,SPD Lage,SPD Lage,≤100,1
1262122037143567,Landeszentrale für politische Bildung Rheinland-Pfalz,Landeszentrale für politische Bildung Rheinland-Pfalz,≤100,1
112134080497160,Osnabrücker Rundschau,Osnabrücker Rundschau,≤100,1
1846830152230356,Entegro Photovoltaik Systeme GmbH,ENTEGRO Photovoltaik-Systeme GmbH,≤100,1
108053832030842,Istamedica,These ads ran without a disclaimer,≤100,1
364403686999151,Flowing Om,These ads ran without a disclaimer,≤100,1
458240880867678,Grüne Stuttgart,BÜNDNIS '90/DIE GRÜNEN Kreisverband Stuttgart,≤100,1
420751304956832,Bündnis 90/Die Grünen Landkreis Miesbach,These ads ran without a disclaimer,≤100,1
103041508889050,TAG24 Magdeburg,These ads ran without a disclaimer,≤100,1
103318122654765,GreeneuFuture: EU Citizenship,These ads ran without a disclaimer,≤100,1
105994201980331,Wording Stories,These ads ran without a disclaimer,≤100,1
102921707941613,Simple App,These ads ran without a disclaimer,≤100,1
1702965869979535,CDU Gemeindeverband Algermissen,CDU Gemeindeverband Algermissen,≤100,1
101185656381967,Mit Migrationshintergrund für Deutschland,Mit Migrationshintergrund für Deutschland,≤100,1
157315174298307,DAK-Gesundheit,DAK-Gesundheit,≤100,1
113134182072037,Comma Soft AG,These ads ran without a disclaimer,≤100,1
107793222405756,USA_Partner The Icon เปิดรับตัวแทนจำหน่าย,These ads ran without a disclaimer,≤100,1
109503308310732,ImpactGuru India,These ads ran without a disclaimer,≤100,1
168998779791313,Republic by Omar Farooq,These ads ran without a disclaimer,≤100,2
108737704829981,Tallinn Digital Summit,These ads ran without a disclaimer,≤100,1
271020696272922,"Daniela Brambilla, Psicologa",These ads ran without a disclaimer,≤100,1
107274171547912,P.OTT Royal,These ads ran without a disclaimer,≤100,1
111715094744254,heyroom.app,These ads ran without a disclaimer,≤100,1
241862166689810,AfD Kreisverband Neustadt an der Weinstraße,AfD Kreisverband Neustadt an der Weinstraße,≤100,1
110307591922985,ortaanadoluekspres,These ads ran without a disclaimer,≤100,1
104325786078517,StreetStyle Chronicles,These ads ran without a disclaimer,≤100,1
113318558226056,Green Balanced,Green Balanced GmbH,≤100,2
299950734124,Zimtu Capital Corp.,These ads ran without a disclaimer,≤100,1
106403067788374,Buzz World,These ads ran without a disclaimer,≤100,4
104882829041692,Cronograma de estudio,These ads ran without a disclaimer,≤100,1
106191442577670,Heritage Horizons,These ads ran without a disclaimer,≤100,4
109563075476852,womens.fightback,These ads ran without a disclaimer,≤100,1
591286450881822,Missionário Rafael Garcia,These ads ran without a disclaimer,≤100,1
105413428831985,orgutcayli,These ads ran without a disclaimer,≤100,1
645738972165960,IRU,These ads ran without a disclaimer,≤100,1
655661671197360,Linksfraktion Trier,These ads ran without a disclaimer,≤100,1
101097015461816,JReady,These ads ran without a disclaimer,≤100,1
103007619518807,Ezp0629-3,These ads ran without a disclaimer,≤100,1
113512245171403,Lemon squeezy,These ads ran without a disclaimer,≤100,1
109012191496568,The Fabcrunch Media,These ads ran without a disclaimer,≤100,1
1822470024659191,NAGA Culture,These ads ran without a disclaimer,≤100,1
110971475215093,Riico Who,These ads ran without a disclaimer,≤100,1
1917764401600944,Earthhikershop,These ads ran without a disclaimer,≤100,1
195138202091,Parentz Talk,These ads ran without a disclaimer,≤100,1
910329952470647,History Chronicle,These ads ran without a disclaimer,≤100,1
119139864510472,Grit Matz - Ihre Bürgermeisterkandidatin für WZL,Grit Matz - Ihr Bürgermeisterkandidatin für WZL,≤100,1
269807686281,top agrar,These ads ran without a disclaimer,≤100,1
517231405008910,Global Landscapes Forum,These ads ran without a disclaimer,≤100,1
100451933698060,AdVenture Communist,These ads ran without a disclaimer,≤100,1
743199805779919,الموقف المصري,These ads ran without a disclaimer,≤100,1
103886725073257,Kpop4Planet,These ads ran without a disclaimer,≤100,2