﻿Page ID,Page name,Disclaimer,Amount spent (CLP)
159639460764792,LATAM Airlines,LATAM Airlines,30214
122258358636926,Sound of Freedom Movie,These ads ran without a disclaimer,11946
104189318481439,Minería y Futuro,Mineria y Futuro,10581
231350380299380,Las Últimas Noticias (LUN),Las Últimas Noticias (LUN),6800
1548643738480723,Asistencia Deudores,Asistencia Deudores,4384
205770713236136,Llata1,These ads ran without a disclaimer,4266
78617029137,Greenpeace Chile,Fundación Greenpeace Pacífico Sur,2751
257465991058055,El Periodista,elperiodista.cl,2560
103527991214141,Cero DICOM,Cero Dicom,2174
117396934582415,Cuidemos la Infancia,Cuidemos la Infancia,1939
580663538777736,Consejo Minero,Feedback Comunicaciones,1922
105783868682878,Asistencia Tesorería,Asistencia Tesoreria,1014
172277313691851,Chile Liberal,Chile Liberal,853
256214294989170,DaleProfe,daleProfe,760
228557190541436,BancoEstado,BancoEstado,674
374880132610543,Fundación Banigualdad,These ads ran without a disclaimer,504
101200881694979,"Asociación Nacional de Empresas de Servicios Sanitarios, Andess AG","Asociación Nacional de Empresas de Servicios Sanitarios, Andess AG",442
968772086505075,Gerardo Espíndola Rojas,Gerardo Espíndola Rojas,433
200033693376679,Norte Verde,Inmobiliaria Norte Verde Spa,418
246478779511291,Lex Grupo Abogados,Lex Grupo Abogados,404
113540781539326,Workmed,Workmed,385
103711962754130,Salud Libre,Salud Libre,204
194708347256755,Puranoticia.cl,Puranoticia.cl,193
100439699488408,VIBA Plus,These ads ran without a disclaimer,175
382655319245509,SC TV CHILE,These ads ran without a disclaimer,167
1051257695025495,PacificBlu,PacificBlu,160
386634201382499,Marco Enriquez-Ominami,Marco Enríquez-Ominami,128
126170624336,Amnistía Internacional - Chile,Amnistía Internacional Chile,120
109440708413037,Alto Champel Parcelas - Los Rios,These ads ran without a disclaimer,105
110298075136183,Cultura Previsional Chile,Servicios Audiovisualea Sofan SpA,≤100
105439951123398,Indespa Chile,These ads ran without a disclaimer,≤100
589671487850854,El Referente,Portal de Noticias El Referente,≤100
419006974914571,Facultad de Agronomía e Ingeniería Forestal UC,Facultad de Agronomía e Ingeniería Forestal UC,≤100
100447419569628,Demócratas Chile,Demócratas,≤100
652288718716885,pepecarcas,These ads ran without a disclaimer,≤100
145925692108470,Educación Continua UC Temuco,UNIVERSIDAD CATÓLICA DE TEMUCO,≤100
114833109949097,Frente Cacerola,Frente Cacerola,≤100
108390475493550,Belong Communication Lab,Belong Communication Lab,≤100
105423425922613,Es Tiempo de Ahorrar,Es Tiempo de Ahorrar,≤100
116773057966229,proley_abogados,These ads ran without a disclaimer,≤100
103030962615298,Chile YAAC,Chile YAAC,≤100
101180752297383,Gustavo Benavente Diputado,Gustavo Benavente Diputado,≤100
110405624650830,Chile En La Encrucijada,Chile En La Encrucijada,≤100
221901754840837,Acciona.Chile,ACCIONA Chile,≤100
106483395713679,garmarna.tarot,These ads ran without a disclaimer,≤100
108557574347706,Fundación Conecta Mayor,Fundación Conecta Mayor,≤100
110967355438609,Educación en Chile,These ads ran without a disclaimer,≤100
496466783840953,Alejandra Sepúlveda Mujer de Trabajo,Alejandra Sepúlveda Mujer de Trabajo,≤100
181189911970230,Alberto Undurraga V,Alberto Undurraga V,≤100
184559421980613,Vlado Mirosevic,Vlado Mirosevic,≤100
88111878893,Gaby Castellanos,These ads ran without a disclaimer,≤100
104224427947088,Circula el Plástico,Metrix,≤100
242604915860706,Caja Los Andes,Caja Los Andes,≤100
100383352725236,Presentes,These ads ran without a disclaimer,≤100
78239901502,Diario Financiero,Grupo DF,≤100
107307021301860,Barrio Universitario,Barrio Universitario,≤100
100645555080281,Academia Nacional de Litigación,Academia Nacional de Litigación,≤100
671262362900569,Red de Salud UC CHRISTUS,These ads ran without a disclaimer,≤100
154785904692548,SalmonChile,SalmonChile,≤100
2200958963462583,Agencia de Sustentabilidad y Cambio Climático,These ads ran without a disclaimer,≤100
104882829041692,Cronograma de estudio,These ads ran without a disclaimer,≤100