﻿Page ID,Page name,Disclaimer,Amount spent (EUR)
100815013078847,Сашо Радоловски,Сашо Радоловски,≤100
178362315106,European Parliament,European Parliament,≤100
326636544072504,Благовест Кирилов,Благовест Кирилов,≤100
110524007015828,Димитър Вучев,Димитър Вучев,≤100
401257899988429,Иван Портних,Коалиция ГЕРБ-СДС,≤100
116586654796504,Иван Калоферов-кандидат за кмет на Пловдив,Иван Калоферов,≤100
112598698012224,Кажи честно с Ани,Кажи честно с Ани,≤100
527351247377965,European Committee of the Regions,European Committee of the Regions,≤100
103439391741697,Обединени Християндемократи,Обединени Християндемократи,≤100
151920014003,Овергаз,Овергаз,≤100
384841611691600,Борислав Гуцанов,Борислав Гуцанов,≤100
318815041579233,Пощенска банка,Postbank,≤100
104557715975708,Ограбената енергетика - защо българите плащат най-скъпо?,Ограбената енергетика,≤100
110632484871987,В търсене на истината,В търсене на истината,≤100
105486865876482,Георги Кръстев/Georgi Krastev,Коалиция ГЕРБ-СДС,≤100
168165046713893,МГЕРБ - София,Коалиция ГЕРБ-СДС,≤100
103701342084781,Николай Нанков,Николай Нанков,≤100
196869257582,Еко Новини,Еко Новини,≤100
1409581485963719,Балдаран,These ads ran without a disclaimer,≤100
101606392738438,Истината Днес,Истината Днес,≤100
139581756144530,Ангел Джамбазки,ВМРО - БНД,≤100
101067484628574,Cash Media,Cash Media,≤100
1485499585100466,Инж. Димитър Димов-Dipl Eng Dimitar Dimov,Коалиция ГЕРБ-СДС,≤100
101578639296152,Стратегически институт за национални политики и идеи,Стратегически институт за национални политики и идеи,≤100
103607978111609,El Ex Corporation,El Ex Corporation,≤100
616037371822038,Marginalia,Marginalia,≤100
287175336077,Bilitis Foundation,Bilitis Resource Center,≤100
109943323871624,Искрен Арабаджиев,Искрен Арабаджиев,≤100
100353731449671,Инициативен комитет за построяване на втори мост край Варна,Клъстер Черноморска Икономическа Зона,≤100
283061845058938,Европейската комисия в България / European Commission in Bulgaria,Европейската комисия в България / European Commission in Bulgaria,≤100
183125116821,EURES,These ads ran without a disclaimer,≤100
100502688162733,За Бога и Човека,За Бога и Човека,≤100
1491669691162029,Държавна агенция за закрила на детето,Държавна агенция за закрила на детето,≤100
511637999012298,Velizar V,Mission Online Business OOD,≤100
101313932351252,Hidden-Coregames,These ads ran without a disclaimer,≤100
193905760625866,Doppelherz Bulgaria,Queisser Pharma Bulgaria,≤100
320061771515533,Младежи ГЕРБ,Коалиция ГЕРБ-СДС,≤100
101914438645763,Росица Кирова,"""Гражданско обединение Единни за промяна""",≤100
59519326031,Капитал,Икономедиа,≤100
190741571096581,Петър Славов,Петър Славов,≤100
163350039852,Европейски парламент в България,Европейски парламент в България,≤100
444930982267001,Цвета Кирилова,Tsveta Kirilova,≤100
701139660301470,Brand Stories,Икономедиа,≤100
105914987965667,Легенди / Legends,These ads ran without a disclaimer,≤100
552805245197973,Подари от сърце,These ads ran without a disclaimer,≤100
101475222065384,Dr. Di Clinic,These ads ran without a disclaimer,≤100
13204463437,"UNHCR, the UN Refugee Agency",These ads ran without a disclaimer,≤100